FirstName,LastName,Email,Phone,Gender,Status,Profile,Location,DateCreated,DateUpdated
harsh123,pathak,harsh123@email.com,1234567656,Male,Active,image-1671970012556.delivery-woman.png,Ahmedabad,Sun Dec 25 2022 05:36:52 GMT+0530 (India Standard Time),-
meet,prajapati,meet@email.com,1234321234,Male,InActive,image-1671970061786.man (1).png,Ahmedabad,Sun Dec 25 2022 05:37:42 GMT+0530 (India Standard Time),Sun Dec 25 2022 05:48:36 GMT+0530 (India Standard Time)
test,test7,test7@email.com,1234565454,Female,Active,image-1671970828233.pose_3.png,Ahmedabad,Sun Dec 25 2022 05:38:19 GMT+0530 (India Standard Time),Sun Dec 25 2022 05:50:28 GMT+0530 (India Standard Time)
divyang,parmar,divyang@email.com,2345342312,Male,Active,image-1672241757289.pose_3.png,Ahmedabad,Wed Dec 28 2022 09:05:57 GMT+0530 (India Standard Time),-
harsh bhai,pathak,harsh@gmail.com,3543234567,Male,InActive,image-1672245140480.man (1).png,Ahmedabad,Wed Dec 28 2022 09:06:25 GMT+0530 (India Standard Time),Wed Dec 28 2022 10:02:20 GMT+0530 (India Standard Time)
nilay,Dave,nilay@email.com,4555454345,Male,InActive,image-1672241812956.man.png,Ahmedabad,Wed Dec 28 2022 09:06:53 GMT+0530 (India Standard Time),-